threads,run,time
1,1,0.082524
1,2,0.096526
1,3,0.093332
1,4,0.082985
1,5,0.083607
2,1,0.043724
2,2,0.044034
2,3,0.043767
2,4,0.045223
2,5,0.059540
4,1,0.028020
4,2,0.028392
4,3,0.033490
4,4,0.029364
4,5,0.030143
8,1,0.027392
8,2,0.024150
8,3,0.027669
8,4,0.026874
8,5,0.027205
16,1,0.088813
16,2,0.089116
16,3,0.030819
16,4,0.089655
16,5,0.045582
